[{"model": "admin.logentry", "pk": 1, "fields": {"action_time": "2024-09-25T17:35:26.706Z", "user": 1, "content_type": 7, "object_id": "1", "object_repr": "Dougs Test Association", "action_flag": 1, "change_message": "[{\"added\": {}}]"}}, {"model": "admin.logentry", "pk": 2, "fields": {"action_time": "2024-09-25T17:37:05.074Z", "user": 1, "content_type": 8, "object_id": "1", "object_repr": "Financial object (1)", "action_flag": 1, "change_message": "[{\"added\": {}}]"}}, {"model": "admin.logentry", "pk": 3, "fields": {"action_time": "2024-09-25T17:38:10.929Z", "user": 1, "content_type": 7, "object_id": "2", "object_repr": "Krist Association", "action_flag": 1, "change_message": "[{\"added\": {}}]"}}, {"model": "admin.logentry", "pk": 4, "fields": {"action_time": "2024-09-25T17:39:17.530Z", "user": 1, "content_type": 8, "object_id": "2", "object_repr": "Financial object (2)", "action_flag": 1, "change_message": "[{\"added\": {}}]"}}, {"model": "admin.logentry", "pk": 5, "fields": {"action_time": "2024-09-25T17:41:31.717Z", "user": 1, "content_type": 4, "object_id": "1", "object_repr": "dmclain", "action_flag": 2, "change_message": "[]"}}, {"model": "admin.logentry", "pk": 6, "fields": {"action_time": "2024-09-25T17:42:00.125Z", "user": 1, "content_type": 4, "object_id": "1", "object_repr": "dmclain", "action_flag": 2, "change_message": "[{\"changed\": {\"fields\": [\"First name\", \"Last name\"]}}]"}}, {"model": "admin.logentry", "pk": 7, "fields": {"action_time": "2024-09-25T17:42:48.753Z", "user": 1, "content_type": 4, "object_id": "2", "object_repr": "kristimclain", "action_flag": 1, "change_message": "[{\"added\": {}}]"}}, {"model": "admin.logentry", "pk": 8, "fields": {"action_time": "2024-09-25T17:43:05.084Z", "user": 1, "content_type": 4, "object_id": "2", "object_repr": "kristimclain", "action_flag": 2, "change_message": "[{\"changed\": {\"fields\": [\"Staff status\", \"Superuser status\"]}}]"}}, {"model": "admin.logentry", "pk": 9, "fields": {"action_time": "2024-09-25T17:43:24.610Z", "user": 1, "content_type": 4, "object_id": "2", "object_repr": "kristimclain", "action_flag": 2, "change_message": "[{\"changed\": {\"fields\": [\"First name\", \"Last name\", \"Email address\"]}}]"}}, {"model": "admin.logentry", "pk": 10, "fields": {"action_time": "2024-09-25T23:59:12.322Z", "user": 1, "content_type": 4, "object_id": "2", "object_repr": "kristimclain", "action_flag": 2, "change_message": "[{\"changed\": {\"fields\": [\"User permissions\"]}}]"}}, {"model": "admin.logentry", "pk": 11, "fields": {"action_time": "2024-09-26T00:06:59.599Z", "user": 1, "content_type": 9, "object_id": "1", "object_repr": "Kristi McLain", "action_flag": 1, "change_message": "[{\"added\": {}}]"}}, {"model": "admin.logentry", "pk": 12, "fields": {"action_time": "2024-09-26T00:07:16.968Z", "user": 1, "content_type": 9, "object_id": "2", "object_repr": "D. Douglas, McLain", "action_flag": 1, "change_message": "[{\"added\": {}}]"}}, {"model": "admin.logentry", "pk": 13, "fields": {"action_time": "2024-09-26T18:57:19.684Z", "user": 1, "content_type": 9, "object_id": "2", "object_repr": "D. Douglas, McLain", "action_flag": 2, "change_message": "[{\"changed\": {\"fields\": [\"Signature\"]}}]"}}, {"model": "admin.logentry", "pk": 14, "fields": {"action_time": "2024-09-26T18:58:35.245Z", "user": 1, "content_type": 9, "object_id": "2", "object_repr": "D. Douglas, McLain", "action_flag": 2, "change_message": "[]"}}, {"model": "admin.logentry", "pk": 15, "fields": {"action_time": "2024-09-26T18:59:59.383Z", "user": 1, "content_type": 9, "object_id": "2", "object_repr": "D. Douglas, McLain", "action_flag": 2, "change_message": "[{\"changed\": {\"fields\": [\"Signature\"]}}]"}}, {"model": "admin.logentry", "pk": 16, "fields": {"action_time": "2024-09-27T23:33:45.268Z", "user": 1, "content_type": 8, "object_id": "2", "object_repr": "Financial object (2)", "action_flag": 3, "change_message": ""}}, {"model": "admin.logentry", "pk": 17, "fields": {"action_time": "2024-09-27T23:34:00.724Z", "user": 1, "content_type": 8, "object_id": "1", "object_repr": "Financial object (1)", "action_flag": 3, "change_message": ""}}, {"model": "admin.logentry", "pk": 18, "fields": {"action_time": "2024-09-27T23:43:45.131Z", "user": 1, "content_type": 7, "object_id": "2", "object_repr": "North Edgewood Homeowners Association", "action_flag": 2, "change_message": "[]"}}, {"model": "admin.logentry", "pk": 19, "fields": {"action_time": "2024-09-27T23:44:06.410Z", "user": 1, "content_type": 8, "object_id": "3", "object_repr": "Financial object (3)", "action_flag": 2, "change_message": "[]"}}, {"model": "admin.logentry", "pk": 20, "fields": {"action_time": "2024-09-27T23:44:53.349Z", "user": 1, "content_type": 8, "object_id": "3", "object_repr": "Financial object (3)", "action_flag": 2, "change_message": "[]"}}, {"model": "admin.logentry", "pk": 21, "fields": {"action_time": "2024-09-27T23:48:32.850Z", "user": 1, "content_type": 8, "object_id": "3", "object_repr": "Financial object (3)", "action_flag": 2, "change_message": "[]"}}, {"model": "admin.logentry", "pk": 22, "fields": {"action_time": "2024-09-27T23:49:00.174Z", "user": 1, "content_type": 7, "object_id": "2", "object_repr": "North Edgewood Homeowners Association", "action_flag": 2, "change_message": "[]"}}, {"model": "admin.logentry", "pk": 23, "fields": {"action_time": "2024-09-27T23:50:53.779Z", "user": 1, "content_type": 8, "object_id": "3", "object_repr": "Financial object (3)", "action_flag": 2, "change_message": "[]"}}, {"model": "admin.logentry", "pk": 24, "fields": {"action_time": "2024-09-28T00:14:52.545Z", "user": 1, "content_type": 8, "object_id": "4", "object_repr": "Financial object (4)", "action_flag": 1, "change_message": "[{\"added\": {}}]"}}, {"model": "admin.logentry", "pk": 25, "fields": {"action_time": "2024-09-28T00:18:41.310Z", "user": 1, "content_type": 8, "object_id": "4", "object_repr": "Financial object (4)", "action_flag": 2, "change_message": "[]"}}, {"model": "admin.logentry", "pk": 26, "fields": {"action_time": "2024-09-28T22:05:27.539Z", "user": 1, "content_type": 7, "object_id": "63", "object_repr": "Stoneleaf Condominium Owners Association", "action_flag": 2, "change_message": "[{\"changed\": {\"fields\": [\"Contact first name\", \"Contact last name\", \"Contact email\"]}}]"}}, {"model": "admin.logentry", "pk": 27, "fields": {"action_time": "2024-09-28T22:08:50.286Z", "user": 1, "content_type": 10, "object_id": "1", "object_repr": "The Villas at Salmon Creek Commons - 2023 Extension (Filed on 2024-03-08)", "action_flag": 1, "change_message": "[{\"added\": {}}]"}}, {"model": "admin.logentry", "pk": 28, "fields": {"action_time": "2024-09-28T22:09:41.409Z", "user": 1, "content_type": 7, "object_id": "63", "object_repr": "Stoneleaf Condominium Owners Association", "action_flag": 2, "change_message": "[]"}}, {"model": "admin.logentry", "pk": 29, "fields": {"action_time": "2024-09-28T22:09:51.333Z", "user": 1, "content_type": 7, "object_id": "63", "object_repr": "Stoneleaf Condominium Owners Association", "action_flag": 2, "change_message": "[]"}}, {"model": "admin.logentry", "pk": 30, "fields": {"action_time": "2024-09-29T19:58:54.520Z", "user": 1, "content_type": 8, "object_id": "4", "object_repr": "The Villas at Salmon Creek Commons - 2023 Financial Data", "action_flag": 2, "change_message": "[{\"changed\": {\"name\": \"extension\", \"object\": \"The Villas at Salmon Creek Commons - 2023 Extension (Not Filed on 2024-03-08)\", \"fields\": [\"Filed\"]}}]"}}, {"model": "admin.logentry", "pk": 31, "fields": {"action_time": "2024-09-29T19:59:15.752Z", "user": 1, "content_type": 8, "object_id": "4", "object_repr": "The Villas at Salmon Creek Commons - 2023 Financial Data", "action_flag": 2, "change_message": "[{\"deleted\": {\"name\": \"extension\", \"object\": \"The Villas at Salmon Creek Commons - 2023 Extension (Not Filed)\"}}]"}}, {"model": "admin.logentry", "pk": 32, "fields": {"action_time": "2024-09-29T20:00:08.703Z", "user": 1, "content_type": 7, "object_id": "63", "object_repr": "Stoneleaf Condominium Owners Association", "action_flag": 2, "change_message": "[{\"deleted\": {\"name\": \"financial\", \"object\": \"Stoneleaf Condominium Owners Association - 2024 Financial Data\"}}]"}}, {"model": "admin.logentry", "pk": 33, "fields": {"action_time": "2024-09-29T20:03:14.523Z", "user": 1, "content_type": 8, "object_id": "7", "object_repr": "Stoneleaf Condominium Owners Association - 2023 Financial Data", "action_flag": 1, "change_message": "[{\"added\": {}}]"}}, {"model": "admin.logentry", "pk": 34, "fields": {"action_time": "2024-09-29T20:04:00.463Z", "user": 1, "content_type": 10, "object_id": "2", "object_repr": "Stoneleaf Condominium Owners Association - 2023 Extension (Filed on 2024-04-10)", "action_flag": 1, "change_message": "[{\"added\": {}}]"}}, {"model": "admin.logentry", "pk": 35, "fields": {"action_time": "2024-09-30T20:10:26.468Z", "user": 1, "content_type": 10, "object_id": "3", "object_repr": "Townhomes at Sister Creek Homeowners Association - 2023 Extension (Filed on 2024-04-01)", "action_flag": 1, "change_message": "[{\"added\": {}}]"}}, {"model": "admin.logentry", "pk": 36, "fields": {"action_time": "2024-09-30T23:01:39.397Z", "user": 1, "content_type": 7, "object_id": "64", "object_repr": "Townhomes at Sister Creek Homeowners Association Inc", "action_flag": 2, "change_message": "[{\"changed\": {\"fields\": [\"Association name\"]}}]"}}, {"model": "admin.logentry", "pk": 37, "fields": {"action_time": "2024-10-01T16:34:37.160Z", "user": 1, "content_type": 11, "object_id": "1", "object_repr": "Townhomes at Sister Creek Homeowners Association Inc - 2023 Tax Return (Not Filed on 2024-09-30)", "action_flag": 1, "change_message": "[{\"added\": {}}]"}}, {"model": "admin.logentry", "pk": 38, "fields": {"action_time": "2024-10-01T17:03:05.847Z", "user": 1, "content_type": 8, "object_id": "8", "object_repr": "Townhomes at Sister Creek Homeowners Association Inc - 2023 Financial Data", "action_flag": 2, "change_message": "[{\"changed\": {\"name\": \"completed tax return\", \"object\": \"Townhomes at Sister Creek Homeowners Association Inc - 2023 Tax Return (Filed on 2024-09-30)\", \"fields\": [\"Return filed\"]}}]"}}, {"model": "admin.logentry", "pk": 39, "fields": {"action_time": "2025-02-04T21:25:42.142Z", "user": 1, "content_type": 9, "object_id": "2", "object_repr": "D. Douglas, McLain", "action_flag": 2, "change_message": "[{\"changed\": {\"fields\": [\"Firm name\", \"Firm ein\"]}}]"}}, {"model": "auth.user", "pk": 1, "fields": {"password": "pbkdf2_sha256$870000$cN0uyGBQ3V6jmlj0NLOnmo$lGZx/9etvmovvRlgwgTX0UQ9mZfqaNv//kaCh+9l3MA=", "last_login": "2025-02-04T21:21:08.938Z", "is_superuser": true, "username": "dmclain", "first_name": "Doug", "last_name": "McLain", "email": "dougmclain@yahoo.com", "is_staff": true, "is_active": true, "date_joined": "2024-09-25T17:31:01Z", "groups": [], "user_permissions": []}}, {"model": "auth.user", "pk": 2, "fields": {"password": "pbkdf2_sha256$870000$mIbwCqx78scHT9yG0hBUXA$2VB5mhq5sJBKcxwcYQgri6YQ7rEqGAay/l8c63lRcpI=", "last_login": null, "is_superuser": true, "username": "kristimclain", "first_name": "Kristi", "last_name": "McLain", "email": "dougmclain@yahoo.com", "is_staff": true, "is_active": true, "date_joined": "2024-09-25T17:42:48Z", "groups": [], "user_permissions": [1, 2, 3, 4, 9, 10, 11, 12, 5, 6, 7, 8, 13, 14, 15, 16, 17, 18, 19, 20, 21, 22, 23, 24, 25, 26, 27, 28, 29, 30, 31, 32, 33, 34, 35, 36]}}, {"model": "sessions.session", "pk": "4tprqt4nvbo8xww3fx0pys7jdwocf7tk", "fields": {"session_data": ".eJxVjDsOwjAQRO_iGlmx4y8lfc5g7XpXOIBsKU4qxN1JpBTQjea9mbdIsK0lbZ2XNJO4CiUuvx1CfnI9AD2g3pvMra7LjPJQ5Em7nBrx63a6fwcFetnXrJy3monIDYMNMXoVclDowO8ZwWkEHi1hDtpCHL1BFcxonWGTs0bx-QLSqTeB:1stVrY:sUOfkudqHb8olIA7DprR59f9lyK3Awv5BlyOgdcu82k", "expire_date": "2024-10-09T17:31:40.531Z"}}, {"model": "sessions.session", "pk": "kryb18lj9hdkw56xvje1kznim54o0svy", "fields": {"session_data": ".eJxVjDsOwjAQRO_iGlmx4y8lfc5g7XpXOIBsKU4qxN1JpBTQjea9mbdIsK0lbZ2XNJO4CiUuvx1CfnI9AD2g3pvMra7LjPJQ5Em7nBrx63a6fwcFetnXrJy3monIDYMNMXoVclDowO8ZwWkEHi1hDtpCHL1BFcxonWGTs0bx-QLSqTeB:1tfQM0:7YuTk01ibdUveHkBNuf4mdKDV4vI8l9SRe9zj46MTDI", "expire_date": "2025-02-18T21:21:08.939Z"}}, {"model": "sessions.session", "pk": "yn86gx143k1wfzaau7jf1lckxdzphbxz", "fields": {"session_data": ".eJxVjDsOwjAQRO_iGlmx4y8lfc5g7XpXOIBsKU4qxN1JpBTQjea9mbdIsK0lbZ2XNJO4CiUuvx1CfnI9AD2g3pvMra7LjPJQ5Em7nBrx63a6fwcFetnXrJy3monIDYMNMXoVclDowO8ZwWkEHi1hDtpCHL1BFcxonWGTs0bx-QLSqTeB:1suKWR:Hph_am59_0BWwalXH9rEOXxwzBaC47faDTH_Lic25sg", "expire_date": "2024-10-11T23:37:15.357Z"}}, {"model": "tax_form.association", "pk": 1, "fields": {"association_name": "Dougs Test Association", "mailing_address": "PO Box 8", "city": "Vancouver", "state": "WA", "zipcode": "98666", "zoned": true, "ein": "52-1234567", "formation_date": "2005-12-14", "association_type": "condo", "fiscal_year_end_month": 12, "contact_first_name": null, "contact_last_name": null, "contact_email": null}}, {"model": "tax_form.association", "pk": 2, "fields": {"association_name": "North Edgewood Homeowners Association", "mailing_address": "C/O REIS, 188 W. Industrial Drive, Suite 422", "city": "Elmhurst", "state": "IL", "zipcode": "60126", "zoned": true, "ein": "36-3723054", "formation_date": "1989-05-30", "association_type": "homeowners", "fiscal_year_end_month": 12, "contact_first_name": null, "contact_last_name": null, "contact_email": null}}, {"model": "tax_form.association", "pk": 5, "fields": {"association_name": "The Villas at Salmon Creek Commons", "mailing_address": "PO Box 66006", "city": "Vancouver", "state": "WA", "zipcode": "98666", "zoned": true, "ein": "27-1205302", "formation_date": "2009-10-28", "association_type": "homeowners", "fiscal_year_end_month": 12, "contact_first_name": null, "contact_last_name": null, "contact_email": null}}, {"model": "tax_form.association", "pk": 6, "fields": {"association_name": "Old Oak Brook Corporation", "mailing_address": "C/O REIS, 188 W. Industrial Drive, Suite 422", "city": "Elmhurst", "state": "IL", "zipcode": "60126", "zoned": true, "ein": "36-3511993", "formation_date": "1984-06-13", "association_type": "condo", "fiscal_year_end_month": 12, "contact_first_name": null, "contact_last_name": null, "contact_email": null}}, {"model": "tax_form.association", "pk": 7, "fields": {"association_name": "Candy Cane Park Association, Inc.", "mailing_address": "9506 4th St. NE STE 101", "city": "Lake Stevens", "state": "WA", "zipcode": "98258", "zoned": false, "ein": "23-7106477", "formation_date": "1994-02-28", "association_type": "homeowners", "fiscal_year_end_month": 12, "contact_first_name": null, "contact_last_name": null, "contact_email": null}}, {"model": "tax_form.association", "pk": 8, "fields": {"association_name": "Carlow Court Homeowners Association", "mailing_address": "9506 4th St. NE Ste 101", "city": "Lake Stevens", "state": "WA", "zipcode": "98258", "zoned": false, "ein": "72-1576430", "formation_date": "2002-03-01", "association_type": "homeowners", "fiscal_year_end_month": 12, "contact_first_name": null, "contact_last_name": null, "contact_email": null}}, {"model": "tax_form.association", "pk": 9, "fields": {"association_name": "Casa Citta Owners Association", "mailing_address": "9506 4th St. NE STE 101", "city": "Lake Stevens", "state": "WA", "zipcode": "98258", "zoned": false, "ein": "33-1144454", "formation_date": "2006-08-18", "association_type": "condo", "fiscal_year_end_month": 12, "contact_first_name": null, "contact_last_name": null, "contact_email": null}}, {"model": "tax_form.association", "pk": 10, "fields": {"association_name": "Cavalero Ridge Homeowners Association", "mailing_address": "9506 4th St. NE STE 101", "city": "Lake Stevens", "state": "WA", "zipcode": "98258", "zoned": false, "ein": "94-3394924", "formation_date": "2007-04-19", "association_type": "homeowners", "fiscal_year_end_month": 12, "contact_first_name": null, "contact_last_name": null, "contact_email": null}}, {"model": "tax_form.association", "pk": 11, "fields": {"association_name": "Cedar Cove II Condominium Association", "mailing_address": "9506 4th St. NE STE 101", "city": "Lake Stevens", "state": "WA", "zipcode": "98258", "zoned": false, "ein": "91-1592123", "formation_date": "1990-01-23", "association_type": "condo", "fiscal_year_end_month": 12, "contact_first_name": null, "contact_last_name": null, "contact_email": null}}, {"model": "tax_form.association", "pk": 12, "fields": {"association_name": "Cedar Hills Estates Homeowners Association", "mailing_address": "9506 4th St. NE STE 101", "city": "Lake Stevens", "state": "WA", "zipcode": "98258", "zoned": false, "ein": "86-3104878", "formation_date": "2021-02-05", "association_type": "homeowners", "fiscal_year_end_month": 12, "contact_first_name": null, "contact_last_name": null, "contact_email": null}}, {"model": "tax_form.association", "pk": 13, "fields": {"association_name": "Cedar West Owners Association", "mailing_address": "9506 4th St. NE STE 101", "city": "Lake Stevens", "state": "WA", "zipcode": "98258", "zoned": false, "ein": "91-1578628", "formation_date": "1992-10-19", "association_type": "condo", "fiscal_year_end_month": 12, "contact_first_name": null, "contact_last_name": null, "contact_email": null}}, {"model": "tax_form.association", "pk": 14, "fields": {"association_name": "Centennial View Condominium Owners Association", "mailing_address": "9506 4th St. NE STE 101", "city": "Lake Stevens", "state": "WA", "zipcode": "98258", "zoned": false, "ein": "91-1765820", "formation_date": "1997-03-28", "association_type": "condo", "fiscal_year_end_month": 12, "contact_first_name": null, "contact_last_name": null, "contact_email": null}}, {"model": "tax_form.association", "pk": 15, "fields": {"association_name": "Chapel Ridge COA", "mailing_address": "9506 4th St. NE STE 101", "city": "Lake Stevens", "state": "WA", "zipcode": "98258", "zoned": false, "ein": "90-0881396", "formation_date": "2007-04-03", "association_type": "condo", "fiscal_year_end_month": 12, "contact_first_name": null, "contact_last_name": null, "contact_email": null}}, {"model": "tax_form.association", "pk": 16, "fields": {"association_name": "Cromwell Plateau Homeowners Association", "mailing_address": "9506 4th St. NE STE 101", "city": "Lake Stevens", "state": "WA", "zipcode": "98258", "zoned": false, "ein": "20-4328213", "formation_date": "2004-09-07", "association_type": "homeowners", "fiscal_year_end_month": 12, "contact_first_name": null, "contact_last_name": null, "contact_email": null}}, {"model": "tax_form.association", "pk": 17, "fields": {"association_name": "Douglas Glen HOA", "mailing_address": "9506 4th St. NE STE 101", "city": "Lake Stevens", "state": "WA", "zipcode": "98258", "zoned": false, "ein": "85-0637155", "formation_date": "2019-10-01", "association_type": "homeowners", "fiscal_year_end_month": 12, "contact_first_name": null, "contact_last_name": null, "contact_email": null}}, {"model": "tax_form.association", "pk": 18, "fields": {"association_name": "Eagle Glen Homeowners Association", "mailing_address": "9506 4th St. NE STE 101", "city": "Lake Stevens", "state": "WA", "zipcode": "98258", "zoned": false, "ein": "87-2730130", "formation_date": "2016-06-16", "association_type": "homeowners", "fiscal_year_end_month": 12, "contact_first_name": null, "contact_last_name": null, "contact_email": null}}, {"model": "tax_form.association", "pk": 19, "fields": {"association_name": "Gregory Park Homeowners Association", "mailing_address": "9506 4th St. NE STE 101", "city": "Lake Stevens", "state": "WA", "zipcode": "98258", "zoned": false, "ein": "32-0466464", "formation_date": "2017-04-20", "association_type": "homeowners", "fiscal_year_end_month": 12, "contact_first_name": null, "contact_last_name": null, "contact_email": null}}, {"model": "tax_form.association", "pk": 20, "fields": {"association_name": "High Clover Park Phase II", "mailing_address": "9506 4th St. NE STE 101", "city": "Lake Stevens", "state": "WA", "zipcode": "98258", "zoned": false, "ein": "91-2106701", "formation_date": "2000-02-10", "association_type": "homeowners", "fiscal_year_end_month": 12, "contact_first_name": null, "contact_last_name": null, "contact_email": null}}, {"model": "tax_form.association", "pk": 21, "fields": {"association_name": "Hoyt Place Condo Assoc", "mailing_address": "9506 4th St. NE STE 101", "city": "Lake Stevens", "state": "WA", "zipcode": "98258", "zoned": false, "ein": "26-0457924", "formation_date": "2007-06-25", "association_type": "condo", "fiscal_year_end_month": 12, "contact_first_name": null, "contact_last_name": null, "contact_email": null}}, {"model": "tax_form.association", "pk": 22, "fields": {"association_name": "Kayak Landing HOA", "mailing_address": "9506 4th St. NE STE 101", "city": "Lake Stevens", "state": "WA", "zipcode": "98258", "zoned": false, "ein": "91-1902877", "formation_date": "1998-08-20", "association_type": "homeowners", "fiscal_year_end_month": 12, "contact_first_name": null, "contact_last_name": null, "contact_email": null}}, {"model": "tax_form.association", "pk": 23, "fields": {"association_name": "Kyles Court Condominium Owners Association", "mailing_address": "9506 4th St. NE STE 101", "city": "Lake Stevens", "state": "WA", "zipcode": "98258", "zoned": false, "ein": "91-1922476", "formation_date": "1998-08-20", "association_type": "condo", "fiscal_year_end_month": 12, "contact_first_name": null, "contact_last_name": null, "contact_email": null}}, {"model": "tax_form.association", "pk": 24, "fields": {"association_name": "Melody at Penny Creek Condominium Association", "mailing_address": "9506 4th St. NE STE 101", "city": "Lake Stevens", "state": "WA", "zipcode": "98258", "zoned": false, "ein": "24-4491710", "formation_date": "2009-03-16", "association_type": "condo", "fiscal_year_end_month": 12, "contact_first_name": null, "contact_last_name": null, "contact_email": null}}, {"model": "tax_form.association", "pk": 25, "fields": {"association_name": "North Ridge Park Homeowners Association", "mailing_address": "9506 4th St. NE STE 101", "city": "Lake Stevens", "state": "WA", "zipcode": "98258", "zoned": false, "ein": "20-5802675", "formation_date": "2005-10-04", "association_type": "homeowners", "fiscal_year_end_month": 12, "contact_first_name": null, "contact_last_name": null, "contact_email": null}}, {"model": "tax_form.association", "pk": 26, "fields": {"association_name": "Paramount Park Owners Association", "mailing_address": "9506 4th St. NE STE 101", "city": "Lake Stevens", "state": "WA", "zipcode": "98258", "zoned": false, "ein": "91-2089604", "formation_date": "2000-12-01", "association_type": "condo", "fiscal_year_end_month": 12, "contact_first_name": null, "contact_last_name": null, "contact_email": null}}, {"model": "tax_form.association", "pk": 27, "fields": {"association_name": "Pilchuck Village Owners Association", "mailing_address": "9506 4th St. NE STE 101", "city": "Lake Stevens", "state": "WA", "zipcode": "98258", "zoned": false, "ein": "81-3868287", "formation_date": "2008-05-14", "association_type": "condo", "fiscal_year_end_month": 12, "contact_first_name": null, "contact_last_name": null, "contact_email": null}}, {"model": "tax_form.association", "pk": 28, "fields": {"association_name": "Pony Lake Home Owners Association", "mailing_address": "9506 4th St. NE STE 101", "city": "Lake Stevens", "state": "WA", "zipcode": "98258", "zoned": false, "ein": "86-1205215", "formation_date": "2020-11-04", "association_type": "homeowners", "fiscal_year_end_month": 12, "contact_first_name": null, "contact_last_name": null, "contact_email": null}}, {"model": "tax_form.association", "pk": 29, "fields": {"association_name": "Quilceda Pointe Townhomes", "mailing_address": "9506 4th St. NE STE 101", "city": "Lake Stevens", "state": "WA", "zipcode": "98258", "zoned": false, "ein": "91-2017181", "formation_date": "1999-08-18", "association_type": "homeowners", "fiscal_year_end_month": 12, "contact_first_name": null, "contact_last_name": null, "contact_email": null}}, {"model": "tax_form.association", "pk": 30, "fields": {"association_name": "The Ridge at Rock Creek Homeowners Association", "mailing_address": "9506 4th St. NE STE 101", "city": "Lake Stevens", "state": "WA", "zipcode": "98258", "zoned": false, "ein": "20-5593622", "formation_date": "2006-06-20", "association_type": "homeowners", "fiscal_year_end_month": 12, "contact_first_name": null, "contact_last_name": null, "contact_email": null}}, {"model": "tax_form.association", "pk": 31, "fields": {"association_name": "Ridgeline HOA", "mailing_address": "9506 4th St. NE STE 101", "city": "Lake Stevens", "state": "WA", "zipcode": "98258", "zoned": false, "ein": "61-1667510", "formation_date": "2011-10-28", "association_type": "homeowners", "fiscal_year_end_month": 12, "contact_first_name": null, "contact_last_name": null, "contact_email": null}}, {"model": "tax_form.association", "pk": 32, "fields": {"association_name": "Ridgeview Park Homeowners Association", "mailing_address": "9506 4th St. NE STE 101", "city": "Lake Stevens", "state": "WA", "zipcode": "98258", "zoned": false, "ein": "86-1576128", "formation_date": "2020-01-21", "association_type": "homeowners", "fiscal_year_end_month": 12, "contact_first_name": null, "contact_last_name": null, "contact_email": null}}, {"model": "tax_form.association", "pk": 33, "fields": {"association_name": "Rock Creek Estates HOA", "mailing_address": "9506 4th St. NE STE 101", "city": "Lake Stevens", "state": "WA", "zipcode": "98258", "zoned": false, "ein": "46-4960234", "formation_date": "2013-07-01", "association_type": "homeowners", "fiscal_year_end_month": 12, "contact_first_name": null, "contact_last_name": null, "contact_email": null}}, {"model": "tax_form.association", "pk": 34, "fields": {"association_name": "Rosewood Homeowners Association", "mailing_address": "9506 4th St. NE STE 101", "city": "Lake Stevens", "state": "WA", "zipcode": "98258", "zoned": false, "ein": "84-1644951", "formation_date": "2002-05-29", "association_type": "homeowners", "fiscal_year_end_month": 12, "contact_first_name": null, "contact_last_name": null, "contact_email": null}}, {"model": "tax_form.association", "pk": 35, "fields": {"association_name": "Seasons Condominium Homeowners Association", "mailing_address": "9506 4th St. NE STE 101", "city": "Lake Stevens", "state": "WA", "zipcode": "98258", "zoned": false, "ein": "91-1737460", "formation_date": "2013-07-01", "association_type": "condo", "fiscal_year_end_month": 12, "contact_first_name": null, "contact_last_name": null, "contact_email": null}}, {"model": "tax_form.association", "pk": 36, "fields": {"association_name": "Shellabarger Creek Condominium Owners Association", "mailing_address": "9506 4th St. NE STE 101", "city": "Lake Stevens", "state": "WA", "zipcode": "98258", "zoned": false, "ein": "91-1992745", "formation_date": "1999-06-03", "association_type": "condo", "fiscal_year_end_month": 12, "contact_first_name": null, "contact_last_name": null, "contact_email": null}}, {"model": "tax_form.association", "pk": 37, "fields": {"association_name": "Stanton Village Townhomes A", "mailing_address": "9506 4th St. NE STE 101", "city": "Lake Stevens", "state": "WA", "zipcode": "98258", "zoned": false, "ein": "91-1857641", "formation_date": "1997-06-26", "association_type": "homeowners", "fiscal_year_end_month": 12, "contact_first_name": null, "contact_last_name": null, "contact_email": null}}, {"model": "tax_form.association", "pk": 38, "fields": {"association_name": "Stevens Cove HOA", "mailing_address": "9506 4th St. NE STE 101", "city": "Lake Stevens", "state": "WA", "zipcode": "98258", "zoned": false, "ein": "91-1863466", "formation_date": "1997-04-16", "association_type": "homeowners", "fiscal_year_end_month": 12, "contact_first_name": null, "contact_last_name": null, "contact_email": null}}, {"model": "tax_form.association", "pk": 39, "fields": {"association_name": "Stevens View II, A Condominium Owners Association", "mailing_address": "9506 4th St. NE STE 101", "city": "Lake Stevens", "state": "WA", "zipcode": "98258", "zoned": false, "ein": "91-2096462", "formation_date": "1998-11-16", "association_type": "condo", "fiscal_year_end_month": 12, "contact_first_name": null, "contact_last_name": null, "contact_email": null}}, {"model": "tax_form.association", "pk": 40, "fields": {"association_name": "Tall Cedars Estates Homeowners Association", "mailing_address": "9506 4th St. NE STE 101", "city": "Lake Stevens", "state": "WA", "zipcode": "98258", "zoned": false, "ein": "30-0993112", "formation_date": "2017-05-31", "association_type": "homeowners", "fiscal_year_end_month": 12, "contact_first_name": "Tiffany", "contact_last_name": "Hatch", "contact_email": null}}, {"model": "tax_form.association", "pk": 41, "fields": {"association_name": "Vernon Ridge Owners Association", "mailing_address": "9506 4th St. NE STE 101", "city": "Lake Stevens", "state": "WA", "zipcode": "98258", "zoned": false, "ein": "45-2638058", "formation_date": "2007-06-18", "association_type": "homeowners", "fiscal_year_end_month": 12, "contact_first_name": null, "contact_last_name": null, "contact_email": null}}, {"model": "tax_form.association", "pk": 42, "fields": {"association_name": "Villa Teresa Homeowners Association", "mailing_address": "9506 4th St. NE STE 101", "city": "Lake Stevens", "state": "WA", "zipcode": "98258", "zoned": false, "ein": "91-1540464", "formation_date": "1991-07-05", "association_type": "condo", "fiscal_year_end_month": 12, "contact_first_name": null, "contact_last_name": null, "contact_email": null}}, {"model": "tax_form.association", "pk": 43, "fields": {"association_name": "West Lake Pointe Owners Association", "mailing_address": "9506 4th St. NE STE 101", "city": "Lake Stevens", "state": "WA", "zipcode": "98258", "zoned": false, "ein": "20-1886195", "formation_date": "2004-05-13", "association_type": "condo", "fiscal_year_end_month": 12, "contact_first_name": null, "contact_last_name": null, "contact_email": null}}, {"model": "tax_form.association", "pk": 44, "fields": {"association_name": "Wilderun West Homeowners Association", "mailing_address": "9506 4th St. NE STE 101", "city": "Lake Stevens", "state": "WA", "zipcode": "98258", "zoned": true, "ein": "61-1497268", "formation_date": "2004-08-05", "association_type": "homeowners", "fiscal_year_end_month": 12, "contact_first_name": null, "contact_last_name": null, "contact_email": null}}, {"model": "tax_form.association", "pk": 45, "fields": {"association_name": "Woodland Greens COA", "mailing_address": "9506 4th St. NE STE 101", "city": "Lake Stevens", "state": "WA", "zipcode": "98258", "zoned": true, "ein": "91-1392826", "formation_date": "1987-08-14", "association_type": "condo", "fiscal_year_end_month": 12, "contact_first_name": null, "contact_last_name": null, "contact_email": null}}, {"model": "tax_form.association", "pk": 47, "fields": {"association_name": "Adams Creek Cohousing a Condominium Owners Association", "mailing_address": "PO BOX 152", "city": "VANCOUVER", "state": "WA", "zipcode": "98666", "zoned": true, "ein": "93-3149014", "formation_date": "2023-08-24", "association_type": "condo", "fiscal_year_end_month": 12, "contact_first_name": null, "contact_last_name": null, "contact_email": null}}, {"model": "tax_form.association", "pk": 48, "fields": {"association_name": "Cedar Glen Homeowners Association", "mailing_address": "9506 4th St. NE STE 101", "city": "Lake Stevens", "state": "WA", "zipcode": "98258", "zoned": true, "ein": "91-1513635", "formation_date": "2014-11-03", "association_type": "homeowners", "fiscal_year_end_month": 12, "contact_first_name": null, "contact_last_name": null, "contact_email": null}}, {"model": "tax_form.association", "pk": 49, "fields": {"association_name": "Connell Plat Homeowners Association", "mailing_address": "9506 4th St. NE STE 101", "city": "Lake Stevens", "state": "WA", "zipcode": "98258", "zoned": true, "ein": "87-3745460", "formation_date": "2021-09-14", "association_type": "homeowners", "fiscal_year_end_month": 12, "contact_first_name": null, "contact_last_name": null, "contact_email": null}}, {"model": "tax_form.association", "pk": 50, "fields": {"association_name": "Prairie Creek Farms Homeowners Association", "mailing_address": "9506 4th St. NE STE 101", "city": "Lake Stevens", "state": "WA", "zipcode": "98258", "zoned": true, "ein": "87-1792931", "formation_date": "2021-07-09", "association_type": "homeowners", "fiscal_year_end_month": 12, "contact_first_name": null, "contact_last_name": null, "contact_email": null}}, {"model": "tax_form.association", "pk": 51, "fields": {"association_name": "Village of Whiskey Ridge Homeowners Association", "mailing_address": "9506 4th St. NE STE 101", "city": "Lake Stevens", "state": "WA", "zipcode": "98258", "zoned": true, "ein": "88-1236031", "formation_date": "2022-02-23", "association_type": "homeowners", "fiscal_year_end_month": 12, "contact_first_name": null, "contact_last_name": null, "contact_email": null}}, {"model": "tax_form.association", "pk": 52, "fields": {"association_name": "Forest Vista Estates Homeowners Association", "mailing_address": "9506 4th St. NE STE 101", "city": "Lake Stevens", "state": "WA", "zipcode": "98258", "zoned": true, "ein": "91-1141718", "formation_date": "1976-04-29", "association_type": "homeowners", "fiscal_year_end_month": 12, "contact_first_name": null, "contact_last_name": null, "contact_email": null}}, {"model": "tax_form.association", "pk": 53, "fields": {"association_name": "Gilman Walk Homeowners Association", "mailing_address": "9506 4th St. NE STE 101", "city": "Lake Stevens", "state": "WA", "zipcode": "98258", "zoned": true, "ein": "87-1807433", "formation_date": "2021-07-09", "association_type": "homeowners", "fiscal_year_end_month": 12, "contact_first_name": null, "contact_last_name": null, "contact_email": null}}, {"model": "tax_form.association", "pk": 54, "fields": {"association_name": "Island View Ridge Owners Association", "mailing_address": "9506 4th St. NE STE 101", "city": "Lake Stevens", "state": "WA", "zipcode": "98258", "zoned": true, "ein": "20-2898339", "formation_date": "2006-08-14", "association_type": "condo", "fiscal_year_end_month": 12, "contact_first_name": null, "contact_last_name": null, "contact_email": null}}, {"model": "tax_form.association", "pk": 55, "fields": {"association_name": "Test Association 1", "mailing_address": "PO Box 4446", "city": "Vancouver", "state": "WA", "zipcode": "98666", "zoned": true, "ein": "23-4567891", "formation_date": "2023-05-12", "association_type": "condo", "fiscal_year_end_month": 12, "contact_first_name": null, "contact_last_name": null, "contact_email": null}}, {"model": "tax_form.association", "pk": 56, "fields": {"association_name": "Daisy Landing Homeowners Association", "mailing_address": "9506 4th St. NE STE 101", "city": "Lake Stevens", "state": "WA", "zipcode": "98258", "zoned": true, "ein": "90-1673936", "formation_date": "2019-02-07", "association_type": "homeowners", "fiscal_year_end_month": 12, "contact_first_name": null, "contact_last_name": null, "contact_email": null}}, {"model": "tax_form.association", "pk": 57, "fields": {"association_name": "Fisher's Hollow Homeowners Association", "mailing_address": "P.O. Box 1013", "city": "Vancouver", "state": "WA", "zipcode": "98666", "zoned": true, "ein": "83-3298582", "formation_date": "2018-08-31", "association_type": "homeowners", "fiscal_year_end_month": 12, "contact_first_name": null, "contact_last_name": null, "contact_email": null}}, {"model": "tax_form.association", "pk": 58, "fields": {"association_name": "AUO Sunset Village Condominium", "mailing_address": "1430 Willamette Street #532", "city": "Eugene", "state": "OR", "zipcode": "97401", "zoned": true, "ein": "45-2606887", "formation_date": "2011-09-15", "association_type": "condo", "fiscal_year_end_month": 12, "contact_first_name": null, "contact_last_name": null, "contact_email": null}}, {"model": "tax_form.association", "pk": 59, "fields": {"association_name": "Test Association", "mailing_address": "715 W Mcloughlin Blvd", "city": "VANCOUVER", "state": "WA", "zipcode": "98660-2413", "zoned": true, "ein": "12-3456789", "formation_date": "2024-05-15", "association_type": "condo", "fiscal_year_end_month": 12, "contact_first_name": null, "contact_last_name": null, "contact_email": null}}, {"model": "tax_form.association", "pk": 60, "fields": {"association_name": "Falcon Ridge Edgewood Homeowners Association", "mailing_address": "9506 4th St. NE STE 101", "city": "Lake Stevens", "state": "WA", "zipcode": "98258", "zoned": true, "ein": "87-3605774", "formation_date": "2021-11-12", "association_type": "homeowners", "fiscal_year_end_month": 12, "contact_first_name": null, "contact_last_name": null, "contact_email": null}}, {"model": "tax_form.association", "pk": 61, "fields": {"association_name": "Review Association", "mailing_address": "PO Box 422", "city": "Portland", "state": "OR", "zipcode": "97212", "zoned": true, "ein": "33-4333333", "formation_date": "2020-12-30", "association_type": "condo", "fiscal_year_end_month": 12, "contact_first_name": null, "contact_last_name": null, "contact_email": null}}, {"model": "tax_form.association", "pk": 62, "fields": {"association_name": "Poplar Condominium Association", "mailing_address": "2404 W 2nd Ave, Unit M attn: Board President", "city": "Spokane", "state": "WA", "zipcode": "99201", "zoned": true, "ein": "81-5248448", "formation_date": "2016-08-11", "association_type": "condo", "fiscal_year_end_month": 12, "contact_first_name": null, "contact_last_name": null, "contact_email": null}}, {"model": "tax_form.association", "pk": 63, "fields": {"association_name": "Stoneleaf Condominium Owners Association", "mailing_address": "PO Box 8, C/O CORE Services, LLC", "city": "Vancovuer", "state": "WA", "zipcode": "98666", "zoned": true, "ein": "26-3304981", "formation_date": "2005-12-14", "association_type": "condo", "fiscal_year_end_month": 12, "contact_first_name": "John", "contact_last_name": "Cochran", "contact_email": "john@executiveforum.com"}}, {"model": "tax_form.association", "pk": 64, "fields": {"association_name": "Townhomes at Sister Creek Homeowners Association Inc", "mailing_address": "PO Box 8, C/O CORE Services, LLC", "city": "Vancovuer", "state": "WA", "zipcode": "98666", "zoned": true, "ein": "80-0986828", "formation_date": "2004-04-28", "association_type": "condo", "fiscal_year_end_month": 12, "contact_first_name": "Mathew", "contact_last_name": "Hutchinson", "contact_email": "mhutchinson@hylaw.com"}}, {"model": "tax_form.association", "pk": 65, "fields": {"association_name": "Claremont Crossing Condominium Association C/O: REIS", "mailing_address": "188 W. Industrial Drive, Suite 422", "city": "Elmhurst", "state": "IL", "zipcode": "60126", "zoned": true, "ein": "36-4318644", "formation_date": "1999-09-03", "association_type": "condo", "fiscal_year_end_month": 12, "contact_first_name": "Lauren", "contact_last_name": "Cagney", "contact_email": "lf@reisproperty.com"}}, {"model": "tax_form.financial", "pk": 3, "fields": {"association": 2, "tax_year": 2023, "engagement_letter": "", "engagement_letter_date": null, "name_change": false, "address_change": true, "prior_year_over_payment": 0, "extension_payment": 0, "estimated_payment": 0, "member_assessments": 17755, "capital_contribution": 0, "moving_fees": 0, "utilities": 0, "late_fees": 75, "fines": 0, "other_exempt_income": 0, "total_expenses": 15886, "interest": 31, "dividends": 0, "rentals": 0, "non_exempt_income_description1": "", "non_exempt_income_amount1": 0, "non_exempt_income_description2": "", "non_exempt_income_amount2": 0, "non_exempt_income_description3": "", "non_exempt_income_amount3": 0, "tax_preparation": 385, "management_fees": 3483, "administration_fees": 0, "audit_fees": 0, "allocated_rental_expenses": 0, "non_exempt_expense_description1": "", "non_exempt_expense_amount1": 0, "non_exempt_expense_description2": "", "non_exempt_expense_amount2": 0, "non_exempt_expense_description3": "", "non_exempt_expense_amount3": 0}}, {"model": "tax_form.financial", "pk": 4, "fields": {"association": 5, "tax_year": 2023, "engagement_letter": "", "engagement_letter_date": null, "name_change": true, "address_change": true, "prior_year_over_payment": 0, "extension_payment": 0, "estimated_payment": 0, "member_assessments": 50000, "capital_contribution": 0, "moving_fees": 0, "utilities": 0, "late_fees": 0, "fines": 0, "other_exempt_income": 0, "total_expenses": 30000, "interest": 0, "dividends": 0, "rentals": 0, "non_exempt_income_description1": "", "non_exempt_income_amount1": 0, "non_exempt_income_description2": "", "non_exempt_income_amount2": 0, "non_exempt_income_description3": "", "non_exempt_income_amount3": 0, "tax_preparation": 0, "management_fees": 0, "administration_fees": 0, "audit_fees": 0, "allocated_rental_expenses": 0, "non_exempt_expense_description1": "", "non_exempt_expense_amount1": 0, "non_exempt_expense_description2": "", "non_exempt_expense_amount2": 0, "non_exempt_expense_description3": "", "non_exempt_expense_amount3": 0}}, {"model": "tax_form.financial", "pk": 5, "fields": {"association": 6, "tax_year": 2023, "engagement_letter": "", "engagement_letter_date": null, "name_change": false, "address_change": false, "prior_year_over_payment": 0, "extension_payment": 0, "estimated_payment": 0, "member_assessments": 0, "capital_contribution": 0, "moving_fees": 0, "utilities": 0, "late_fees": 0, "fines": 0, "other_exempt_income": 0, "total_expenses": 0, "interest": 0, "dividends": 0, "rentals": 0, "non_exempt_income_description1": "", "non_exempt_income_amount1": 0, "non_exempt_income_description2": "", "non_exempt_income_amount2": 0, "non_exempt_income_description3": "", "non_exempt_income_amount3": 0, "tax_preparation": 0, "management_fees": 0, "administration_fees": 0, "audit_fees": 0, "allocated_rental_expenses": 0, "non_exempt_expense_description1": "", "non_exempt_expense_amount1": 0, "non_exempt_expense_description2": "", "non_exempt_expense_amount2": 0, "non_exempt_expense_description3": "", "non_exempt_expense_amount3": 0}}, {"model": "tax_form.financial", "pk": 7, "fields": {"association": 63, "tax_year": 2023, "engagement_letter": "", "engagement_letter_date": null, "name_change": false, "address_change": true, "prior_year_over_payment": 0, "extension_payment": 0, "estimated_payment": 0, "member_assessments": 23805, "capital_contribution": 0, "moving_fees": 0, "utilities": 0, "late_fees": 0, "fines": 0, "other_exempt_income": 0, "total_expenses": 19284, "interest": 15, "dividends": 0, "rentals": 0, "non_exempt_income_description1": "", "non_exempt_income_amount1": 0, "non_exempt_income_description2": "", "non_exempt_income_amount2": 0, "non_exempt_income_description3": "", "non_exempt_income_amount3": 0, "tax_preparation": 0, "management_fees": 0, "administration_fees": 0, "audit_fees": 0, "allocated_rental_expenses": 0, "non_exempt_expense_description1": "", "non_exempt_expense_amount1": 0, "non_exempt_expense_description2": "", "non_exempt_expense_amount2": 0, "non_exempt_expense_description3": "", "non_exempt_expense_amount3": 0}}, {"model": "tax_form.financial", "pk": 8, "fields": {"association": 64, "tax_year": 2023, "engagement_letter": "", "engagement_letter_date": null, "name_change": false, "address_change": true, "prior_year_over_payment": 0, "extension_payment": 0, "estimated_payment": 0, "member_assessments": 85840, "capital_contribution": 0, "moving_fees": 0, "utilities": 0, "late_fees": 0, "fines": 0, "other_exempt_income": 2693, "total_expenses": 80064, "interest": 1249, "dividends": 0, "rentals": 0, "non_exempt_income_description1": "", "non_exempt_income_amount1": 0, "non_exempt_income_description2": "", "non_exempt_income_amount2": 0, "non_exempt_income_description3": "", "non_exempt_income_amount3": 0, "tax_preparation": 625, "management_fees": 3776, "administration_fees": 5193, "audit_fees": 0, "allocated_rental_expenses": 0, "non_exempt_expense_description1": "", "non_exempt_expense_amount1": 0, "non_exempt_expense_description2": "", "non_exempt_expense_amount2": 0, "non_exempt_expense_description3": "", "non_exempt_expense_amount3": 0}}, {"model": "tax_form.financial", "pk": 9, "fields": {"association": 40, "tax_year": 2023, "engagement_letter": "", "engagement_letter_date": null, "name_change": false, "address_change": false, "prior_year_over_payment": 0, "extension_payment": 0, "estimated_payment": 0, "member_assessments": 0, "capital_contribution": 0, "moving_fees": 0, "utilities": 0, "late_fees": 0, "fines": 0, "other_exempt_income": 0, "total_expenses": 0, "interest": 0, "dividends": 0, "rentals": 0, "non_exempt_income_description1": "", "non_exempt_income_amount1": 0, "non_exempt_income_description2": "", "non_exempt_income_amount2": 0, "non_exempt_income_description3": "", "non_exempt_income_amount3": 0, "tax_preparation": 0, "management_fees": 0, "administration_fees": 0, "audit_fees": 0, "allocated_rental_expenses": 0, "non_exempt_expense_description1": "", "non_exempt_expense_amount1": 0, "non_exempt_expense_description2": "", "non_exempt_expense_amount2": 0, "non_exempt_expense_description3": "", "non_exempt_expense_amount3": 0}}, {"model": "tax_form.financial", "pk": 10, "fields": {"association": 62, "tax_year": 2023, "engagement_letter": "", "engagement_letter_date": null, "name_change": false, "address_change": false, "prior_year_over_payment": 0, "extension_payment": 0, "estimated_payment": 0, "member_assessments": 0, "capital_contribution": 0, "moving_fees": 0, "utilities": 0, "late_fees": 0, "fines": 0, "other_exempt_income": 0, "total_expenses": 0, "interest": 0, "dividends": 0, "rentals": 0, "non_exempt_income_description1": "", "non_exempt_income_amount1": 0, "non_exempt_income_description2": "", "non_exempt_income_amount2": 0, "non_exempt_income_description3": "", "non_exempt_income_amount3": 0, "tax_preparation": 0, "management_fees": 0, "administration_fees": 0, "audit_fees": 0, "allocated_rental_expenses": 0, "non_exempt_expense_description1": "", "non_exempt_expense_amount1": 0, "non_exempt_expense_description2": "", "non_exempt_expense_amount2": 0, "non_exempt_expense_description3": "", "non_exempt_expense_amount3": 0}}, {"model": "tax_form.financial", "pk": 11, "fields": {"association": 58, "tax_year": 2023, "engagement_letter": "", "engagement_letter_date": null, "name_change": false, "address_change": false, "prior_year_over_payment": 0, "extension_payment": 0, "estimated_payment": 0, "member_assessments": 0, "capital_contribution": 0, "moving_fees": 0, "utilities": 0, "late_fees": 0, "fines": 0, "other_exempt_income": 0, "total_expenses": 0, "interest": 0, "dividends": 0, "rentals": 0, "non_exempt_income_description1": "", "non_exempt_income_amount1": 0, "non_exempt_income_description2": "", "non_exempt_income_amount2": 0, "non_exempt_income_description3": "", "non_exempt_income_amount3": 0, "tax_preparation": 0, "management_fees": 0, "administration_fees": 0, "audit_fees": 0, "allocated_rental_expenses": 0, "non_exempt_expense_description1": "", "non_exempt_expense_amount1": 0, "non_exempt_expense_description2": "", "non_exempt_expense_amount2": 0, "non_exempt_expense_description3": "", "non_exempt_expense_amount3": 0}}, {"model": "tax_form.financial", "pk": 12, "fields": {"association": 1, "tax_year": 2023, "engagement_letter": "", "engagement_letter_date": null, "name_change": true, "address_change": true, "prior_year_over_payment": 0, "extension_payment": 2000, "estimated_payment": 5000, "member_assessments": 30000, "capital_contribution": 10000, "moving_fees": 5000, "utilities": 40000, "late_fees": 0, "fines": 0, "other_exempt_income": 0, "total_expenses": 80000, "interest": 100, "dividends": 0, "rentals": 200, "non_exempt_income_description1": "", "non_exempt_income_amount1": 0, "non_exempt_income_description2": "", "non_exempt_income_amount2": 0, "non_exempt_income_description3": "", "non_exempt_income_amount3": 0, "tax_preparation": 250, "management_fees": 0, "administration_fees": 0, "audit_fees": 0, "allocated_rental_expenses": 0, "non_exempt_expense_description1": "", "non_exempt_expense_amount1": 0, "non_exempt_expense_description2": "", "non_exempt_expense_amount2": 0, "non_exempt_expense_description3": "", "non_exempt_expense_amount3": 0}}, {"model": "tax_form.financial", "pk": 13, "fields": {"association": 1, "tax_year": 2024, "engagement_letter": "", "engagement_letter_date": null, "name_change": false, "address_change": false, "prior_year_over_payment": 0, "extension_payment": 1500, "estimated_payment": 100, "member_assessments": 800000, "capital_contribution": 40000, "moving_fees": 0, "utilities": 0, "late_fees": 0, "fines": 0, "other_exempt_income": 0, "total_expenses": 50000, "interest": 7000, "dividends": 0, "rentals": 0, "non_exempt_income_description1": "", "non_exempt_income_amount1": 0, "non_exempt_income_description2": "", "non_exempt_income_amount2": 0, "non_exempt_income_description3": "", "non_exempt_income_amount3": 0, "tax_preparation": 400, "management_fees": 0, "administration_fees": 0, "audit_fees": 0, "allocated_rental_expenses": 0, "non_exempt_expense_description1": "", "non_exempt_expense_amount1": 0, "non_exempt_expense_description2": "", "non_exempt_expense_amount2": 0, "non_exempt_expense_description3": "", "non_exempt_expense_amount3": 0}}, {"model": "tax_form.financial", "pk": 14, "fields": {"association": 65, "tax_year": 2024, "engagement_letter": "", "engagement_letter_date": null, "name_change": false, "address_change": false, "prior_year_over_payment": 0, "extension_payment": 0, "estimated_payment": 0, "member_assessments": 67929, "capital_contribution": 0, "moving_fees": 0, "utilities": 0, "late_fees": 150, "fines": 0, "other_exempt_income": 0, "total_expenses": 61154, "interest": 9, "dividends": 0, "rentals": 0, "non_exempt_income_description1": "", "non_exempt_income_amount1": 0, "non_exempt_income_description2": "", "non_exempt_income_amount2": 0, "non_exempt_income_description3": "", "non_exempt_income_amount3": 0, "tax_preparation": 350, "management_fees": 6720, "administration_fees": 0, "audit_fees": 0, "allocated_rental_expenses": 0, "non_exempt_expense_description1": "", "non_exempt_expense_amount1": 0, "non_exempt_expense_description2": "", "non_exempt_expense_amount2": 0, "non_exempt_expense_description3": "", "non_exempt_expense_amount3": 0}}, {"model": "tax_form.extension", "pk": 2, "fields": {"financial": 7, "filed": true, "filed_date": "2024-04-10", "form_7004": "extensions/Stoneleaf_2023_1120H_Extension_KBWk84f.pdf", "tentative_tax": 0, "total_payments": 0, "balance_due": 0}}, {"model": "tax_form.extension", "pk": 3, "fields": {"financial": 8, "filed": true, "filed_date": "2024-04-01", "form_7004": "extensions/Townhomes_at_sister_creek__2023_Extension.pdf", "tentative_tax": 0, "total_payments": 0, "balance_due": 0}}, {"model": "tax_form.extension", "pk": 4, "fields": {"financial": 9, "filed": false, "filed_date": null, "form_7004": "", "tentative_tax": 0, "total_payments": 0, "balance_due": 0}}, {"model": "tax_form.extension", "pk": 5, "fields": {"financial": 10, "filed": false, "filed_date": null, "form_7004": "", "tentative_tax": 0, "total_payments": 0, "balance_due": 0}}, {"model": "tax_form.extension", "pk": 6, "fields": {"financial": 11, "filed": true, "filed_date": "2024-04-12", "form_7004": "extensions/Sunset_Village_2023_Extension.pdf", "tentative_tax": 0, "total_payments": 0, "balance_due": 0}}, {"model": "tax_form.extension", "pk": 7, "fields": {"financial": 12, "filed": true, "filed_date": "2024-01-03", "form_7004": "extensions/form_7004_52-1234567_2023-35.pdf", "tentative_tax": 3000, "total_payments": 50, "balance_due": 2950}}, {"model": "tax_form.extension", "pk": 8, "fields": {"financial": 13, "filed": true, "filed_date": "2025-02-28", "form_7004": "extensions/form_7004_52-1234567_2024.pdf", "tentative_tax": 1500, "total_payments": 1500, "balance_due": 0}}, {"model": "tax_form.extension", "pk": 9, "fields": {"financial": 14, "filed": false, "filed_date": "2025-02-17", "form_7004": "", "tentative_tax": 0, "total_payments": 0, "balance_due": 0}}, {"model": "tax_form.completedtaxreturn", "pk": 1, "fields": {"financial": 8, "return_filed": true, "date_prepared": "2024-09-30", "tax_return_pdf": "completed_tax_returns/Sister_Creek_2023_1120H.pdf"}}, {"model": "tax_form.completedtaxreturn", "pk": 2, "fields": {"financial": 9, "return_filed": true, "date_prepared": "2024-03-29", "tax_return_pdf": "completed_tax_returns/Tall_Cedars_HOA_1120H_2023_-_Signed.pdf"}}, {"model": "tax_form.completedtaxreturn", "pk": 3, "fields": {"financial": 7, "return_filed": true, "date_prepared": "2024-09-24", "tax_return_pdf": "completed_tax_returns/StoneLeaf_2023_1120H.pdf"}}, {"model": "tax_form.completedtaxreturn", "pk": 4, "fields": {"financial": 10, "return_filed": true, "date_prepared": "2024-07-16", "tax_return_pdf": "completed_tax_returns/Poplar_Condominium_Association_1120-H_updated_Address_signed.pdf"}}, {"model": "tax_form.completedtaxreturn", "pk": 5, "fields": {"financial": 11, "return_filed": true, "date_prepared": "2024-04-24", "tax_return_pdf": "completed_tax_returns/AUO_Sunset_Village_Condominium_1120-H.pdf"}}, {"model": "tax_form.completedtaxreturn", "pk": 6, "fields": {"financial": 12, "return_filed": false, "date_prepared": null, "tax_return_pdf": ""}}, {"model": "tax_form.completedtaxreturn", "pk": 7, "fields": {"financial": 13, "return_filed": false, "date_prepared": null, "tax_return_pdf": ""}}, {"model": "tax_form.preparer", "pk": 1, "fields": {"user": 2, "name": "Kristi McLain", "signature": "Kristi McLain", "ptin": "P01502514", "sign_date": null, "firm_name": "C.O.R.E. Services, LLC", "firm_ein": "82-2426287", "firm_address": "PO Box 8, Vancouver, WA 98666", "firm_phone": "360-524-9665"}}, {"model": "tax_form.preparer", "pk": 2, "fields": {"user": 1, "name": "D. Douglas, McLain", "signature": "D. Doug McLain", "ptin": "P01502513", "sign_date": null, "firm_name": "Dynamite Management, LLC", "firm_ein": "99-4586842", "firm_address": "PO Box 8, Vancouver, WA 98666", "firm_phone": "360-524-9665"}}]